{"cameraMode":{"drawMode":0,"name":"Shaded","section":"Shading Mode"},"sceneLighting":false,"audioPlay":false,"sceneViewState":{"m_AlwaysRefresh":false,"showFog":true,"showSkybox":false,"showFlares":true,"showImageEffects":true,"showParticleSystems":true,"showVisualEffectGraphs":true,"m_FxEnabled":true},"in2DMode":false,"pivot":{"x":1514.2730712890625,"y":0.20676107704639436,"z":1.4917610883712769},"rotation":{"x":0.06652095168828964,"y":0.85725337266922,"z":-0.11460445076227188,"w":0.49755898118019106},"size":1.5043035745620728,"orthographic":false}