{"cameraMode":{"drawMode":0,"name":"Shaded","section":"Shading Mode"},"sceneLighting":true,"audioPlay":false,"sceneViewState":{"m_AlwaysRefresh":false,"showFog":true,"showSkybox":true,"showFlares":true,"showImageEffects":true,"showParticleSystems":true,"showVisualEffectGraphs":true,"m_FxEnabled":true},"in2DMode":false,"pivot":{"x":-3.2137885093688967,"y":9.94970417022705,"z":-893.2443237304688},"rotation":{"x":-0.1822713315486908,"y":-0.014095274731516838,"z":0.0025799856521189214,"w":-0.9831753969192505},"size":12.12435531616211,"orthographic":false}