{"cameraMode":{"drawMode":0,"name":"Shaded","section":"Shading Mode"},"sceneLighting":true,"audioPlay":false,"sceneViewState":{"m_AlwaysRefresh":false,"showFog":true,"showSkybox":true,"showFlares":true,"showImageEffects":true,"showParticleSystems":true,"showVisualEffectGraphs":true,"m_FxEnabled":true},"in2DMode":false,"pivot":{"x":3.397193193435669,"y":0.4843960106372833,"z":-904.8141479492188},"rotation":{"x":0.01619078777730465,"y":-0.006830429658293724,"z":-0.0001568458683323115,"w":-0.9998863935470581},"size":2.266982078552246,"orthographic":false}